,O,N,NE,CNJ,NU,V,<e>
O,0.13656388,0.20704846,0.19823788,0.002202643,0.09581498,0.019823788,0.34030837
N,0.006384508,0.23191409,0.5043761,0.0013952898,0.054500867,0.06240751,0.1390216
NE,0.0071628317,0.16808124,0.034293283,0.0056419563,0.0011774518,0.07874209,0.70490116
CNJ,0.00729927,0.40145984,0.5839416,0.0,0.0,0.00729927,0.0
NU,0.0055316533,0.52735096,0.21296865,0.0,0.16856177,0.049938537,0.03564843
V,0.006677796,0.076794654,0.22537562,0.00027824152,0.047301058,0.015303283,0.6282693
<e>,0.020777317,0.5247617,0.25514543,0.0060131997,0.18772916,0.0055243215,0.0
